policy_id,policy_name,domain,file
POL-01,Vendor Management Policy,Vendor Management,POL-01_vendor_management_policy.txt
POL-02,Data Privacy Protection Policy,Data Privacy,POL-02_data_privacy_protection_policy.txt
POL-03,Payment Terms Policy,Payment,POL-03_payment_terms_policy.txt
POL-04,Confidentiality Policy,Confidentiality,POL-04_confidentiality_policy.txt
POL-05,Termination Notice Policy,Termination,POL-05_termination_notice_policy.txt
POL-06,Limitation of Liability Policy,Liability,POL-06_limitation_of_liability_policy.txt
POL-07,Information Security Policy,Security,POL-07_information_security_policy.txt
POL-08,Data Retention Policy,Data Retention,POL-08_data_retention_policy.txt
POL-09,Third-Party Data Sharing Policy,Third-Party Sharing,POL-09_third-party_data_sharing_policy.txt
POL-10,Insurance Requirements Policy,Insurance,POL-10_insurance_requirements_policy.txt
POL-11,Intellectual Property Policy,Intellectual Property,POL-11_intellectual_property_policy.txt
POL-12,Dispute Resolution Policy,Dispute Resolution,POL-12_dispute_resolution_policy.txt
POL-13,Audit Rights Policy,Audit,POL-13_audit_rights_policy.txt
POL-14,Indemnification Policy,Indemnification,POL-14_indemnification_policy.txt
POL-15,Renewal Policy,Renewal,POL-15_renewal_policy.txt
POL-16,Environmental Compliance Policy,Environmental,POL-16_environmental_compliance_policy.txt
POL-17,Warranty Policy,Warranty,POL-17_warranty_policy.txt
